{"seq_len": 10, "hidden_dim": 32, "num_layers": 3, "dropout": 0.10247443279240954, "lr": 0.0011809035987280626, "nhead": 4, "batch_size": 16, "n_epochs": 12}